month_date,open,high,low,close,volume,open_aapl,high_aapl,low_aapl,close_aapl,volume_aapl,open_amazon,high_amazon,low_amazon,close_amazon,volume_amazon,open_msft,high_msft,low_msft,close_msft,volume_msft
2016-01-01,4624.01,4662.81,4557.59,4610.71,2361954210.53,24.68,24.99,24.23,24.61,267757473.68,603.43,613.21,589.95,601.06,6852678.95,52.49,53.07,51.72,52.4,48837615.79
2016-02-01,4462.56,4499.42,4420.67,4463.21,2155432500.0,23.92,24.18,23.68,23.94,162172520.0,531.87,539.9,521.1,530.62,6207240.0,51.57,52.05,50.75,51.38,40738545.0
2016-03-01,4739.35,4770.36,4720.47,4754.48,1851767272.73,25.95,26.22,25.81,26.07,135645381.82,570.43,577.27,563.42,572.37,4273159.09,53.16,53.76,52.72,53.38,29141404.55
2016-04-01,4891.97,4916.23,4864.6,4892.17,1810204761.9,26.7,26.94,26.46,26.68,166168323.81,613.53,619.65,607.13,613.59,3736390.48,54.08,54.49,53.56,54.05,33286938.1
2016-05-01,4780.34,4808.79,4760.94,4788.24,1847773333.33,23.74,23.92,23.51,23.74,171556476.19,694.64,702.98,690.16,697.47,4314976.19,50.85,51.33,50.49,50.97,25271657.14
2016-06-01,4853.03,4878.53,4830.55,4856.23,2009722727.27,24.15,24.37,23.99,24.16,141726854.55,716.12,721.05,710.85,716.39,3388222.73,50.8,51.31,50.49,50.92,37437590.91
2016-07-01,5015.6,5035.98,5000.2,5023.99,1802502000.0,24.61,24.79,24.5,24.64,137155920.0,741.99,746.52,735.74,741.47,3431775.0,54.01,54.42,53.71,54.1,32379390.0
2016-08-01,5215.64,5231.51,5198.78,5217.04,1684990434.78,26.87,27.04,26.75,26.92,109587565.22,764.29,767.61,760.9,764.84,2173930.43,57.67,57.95,57.42,57.72,20307778.26
2016-09-01,5248.72,5273.44,5224.9,5254.15,1907361904.76,27.67,27.94,27.45,27.71,184383923.81,786.41,793.09,782.5,788.97,3206461.9,57.25,57.64,56.87,57.29,25067990.48
2016-10-01,5266.22,5279.34,5240.79,5255.99,1649754761.9,28.94,29.1,28.74,28.93,130840819.05,826.92,830.65,819.91,824.44,3669704.76,58.42,58.77,58.06,58.4,29278180.95
2016-11-01,5256.84,5285.54,5228.45,5260.57,1993843809.52,27.52,27.77,27.25,27.54,137439047.62,766.72,772.94,755.45,763.34,5242185.71,59.96,60.39,59.44,59.93,29193180.95
2016-12-01,5415.38,5437.37,5391.73,5413.12,1836155238.1,28.5,28.76,28.39,28.58,115956514.29,764.8,769.51,757.53,763.33,3507628.57,62.1,62.55,61.68,62.12,24456176.19
2017-01-01,5554.26,5572.4,5535.16,5561.42,1801398500.0,29.77,29.97,29.7,29.89,112624400.0,804.97,810.83,799.35,807.51,3530700.0,63.19,63.53,62.75,63.19,24672675.0
2017-02-01,5753.89,5774.06,5740.9,5764.7,1932082105.26,33.31,33.54,33.21,33.43,121046021.05,833.58,839.05,829.61,835.75,3776226.32,64.13,64.39,63.78,64.11,23197052.63
2017-03-01,5861.01,5883.04,5842.02,5864.96,1910335652.17,35.09,35.3,34.93,35.15,97674504.35,853.04,857.56,849.32,854.24,2639595.65,64.76,65.15,64.44,64.84,21268247.83
2017-04-01,5913.9,5932.02,5893.93,5912.17,1778589473.68,35.76,35.9,35.58,35.72,78590336.84,904.89,910.52,898.47,903.39,3870510.53,66.24,66.52,65.81,66.17,22799536.84
2017-05-01,6120.87,6137.4,6101.26,6124.88,1922063181.82,37.99,38.27,37.78,38.06,118905781.82,960.27,966.45,955.04,961.72,3463727.27,68.83,69.21,68.44,68.92,23509931.82
2017-06-01,6229.75,6251.04,6188.45,6224.29,2213177727.27,37.05,37.27,36.65,36.96,124396018.18,995.04,999.85,980.79,990.44,4369790.91,70.56,71.01,69.84,70.52,28623490.91
2017-07-01,6291.72,6312.88,6266.9,6294.67,1803156000.0,37.02,37.29,36.78,37.07,84402380.0,1007.65,1016.37,999.38,1008.48,3940620.0,71.84,72.41,71.44,72.01,23492560.0
2017-08-01,6310.58,6337.22,6283.27,6311.4,1792904347.83,39.74,40.04,39.45,39.76,114968521.74,973.25,978.45,964.75,971.44,3364860.87,72.72,73.2,72.29,72.82,19307413.04
2017-09-01,6427.71,6444.59,6403.12,6428.08,1908856000.0,39.53,39.72,39.11,39.4,136074820.0,971.95,975.8,963.27,968.99,2964590.0,74.37,74.79,73.89,74.34,18799195.0
2017-10-01,6599.95,6617.15,6580.79,6603.01,1882789545.45,39.34,39.65,39.17,39.45,91689327.27,999.54,1008.46,991.88,1000.72,3787913.64,77.89,78.35,77.53,77.94,20452272.73
2017-11-01,6790.12,6810.01,6765.82,6796.05,1993827619.05,43.12,43.36,42.75,43.1,114412076.19,1137.4,1146.47,1129.45,1139.81,3674523.81,83.65,84.09,83.16,83.72,20091714.29
2017-12-01,6895.9,6917.87,6867.77,6889.74,1928658500.0,42.93,43.22,42.71,42.97,106236760.0,1170.88,1177.66,1160.96,1168.84,2888010.0,84.84,85.41,84.16,84.76,23310165.0
2018-01-01,7266.52,7299.39,7239.73,7279.5,2114566190.48,43.51,43.8,43.2,43.5,125653219.05,1301.38,1317.42,1291.31,1309.01,4589104.76,89.97,90.66,89.37,90.08,27345638.1
2018-02-01,7167.51,7243.81,7095.71,7161.77,2304840526.32,41.82,42.47,41.37,41.91,195346168.42,1447.11,1469.08,1417.41,1442.36,7251789.47,91.44,92.77,90.05,91.37,38192805.26
2018-03-01,7325.14,7375.56,7251.84,7311.51,2302625238.1,43.76,44.2,43.27,43.62,135948133.33,1542.16,1556.59,1517.22,1540.37,6209528.57,93.23,94.21,91.89,92.9,35750228.57
2018-04-01,7101.22,7148.76,7032.11,7084.14,2044390000.0,42.44,42.91,42.07,42.46,126886533.33,1475.84,1492.34,1448.13,1468.22,6186647.62,93.53,94.47,92.06,93.21,31815747.62
2018-05-01,7319.6,7364.24,7293.38,7339.33,2063873636.36,46.24,46.62,45.97,46.38,112904781.82,1590.47,1601.44,1582.6,1594.9,3255250.0,96.63,97.54,95.98,96.98,23155359.09
2018-06-01,7644.27,7680.22,7605.27,7645.14,2300283809.52,47.18,47.46,46.85,47.16,100499904.76,1699.09,1711.8,1684.51,1698.82,4092442.86,100.67,101.33,99.86,100.56,28694533.33
2018-07-01,7751.3,7790.91,7709.31,7756.86,1841832857.14,47.55,47.88,47.25,47.58,74988838.1,1786.31,1801.52,1765.04,1784.65,4643861.9,104.59,105.46,103.67,104.64,27112014.29
2018-08-01,7876.03,7914.83,7855.44,7892.23,1995690434.78,53.12,53.64,52.83,53.34,121794591.3,1891.96,1908.75,1880.89,1897.85,4198947.83,108.45,109.2,107.85,108.68,19853395.65
2018-09-01,7986.83,8020.97,7945.9,7983.31,2344515263.16,55.58,56.13,55.02,55.52,142941473.68,1969.24,1987.2,1943.61,1966.08,4970815.79,112.08,112.95,111.21,112.24,25276605.26
2018-10-01,7565.36,7624.38,7458.84,7527.08,2669606956.52,55.3,55.99,54.47,55.21,137347565.22,1799.63,1823.2,1753.27,1782.06,7966121.74,109.79,111.03,107.74,109.21,40328173.91
2018-11-01,7227.93,7293.46,7164.94,7236.08,2312411904.76,47.95,48.49,47.18,47.81,183109790.48,1622.32,1653.72,1593.1,1625.48,6632857.14,107.25,108.47,105.86,107.3,34296600.0
2018-12-01,6858.92,6926.2,6736.2,6814.29,2568860000.0,41.31,41.83,40.47,41.07,189246842.11,1572.92,1601.89,1527.99,1559.44,8148036.84,105.02,106.54,102.57,104.39,49700768.42
2019-01-01,6948.26,7011.65,6909.57,6979.66,2342811428.57,38.4,38.88,37.99,38.54,157730933.33,1632.35,1657.3,1612.7,1640.03,6381033.33,103.95,104.98,102.85,104.14,34010133.33
2019-02-01,7415.22,7452.37,7391.03,7430.08,2226554736.84,42.85,43.22,42.63,42.93,99482231.58,1626.13,1640.1,1612.2,1626.94,4259836.84,107.51,108.45,106.9,107.93,24689257.89
2019-03-01,7629.43,7668.02,7582.62,7629.37,2340263809.52,45.81,46.23,45.35,45.82,123996457.14,1719.85,1737.25,1705.42,1722.49,4801533.33,115.01,115.91,114.09,115.13,28052180.95
2019-04-01,7986.21,8012.71,7955.1,7994.92,2055371428.57,49.97,50.39,49.66,50.13,96403371.43,1863.63,1874.41,1850.94,1866.2,3868533.33,122.61,123.24,121.93,122.79,20626557.14
2019-05-01,7797.43,7855.02,7752.32,7804.82,2154777272.73,47.73,48.34,47.3,47.82,134446654.55,1871.65,1886.18,1852.76,1869.38,4464290.91,126.19,127.4,125.25,126.35,24873581.82
2019-06-01,7827.18,7865.87,7783.81,7825.46,2225270500.0,48.17,48.7,47.81,48.24,103043740.0,1853.17,1868.87,1835.98,1852.62,3737325.0,132.04,133.11,130.85,131.99,25416215.0
2019-07-01,8203.72,8235.27,8164.48,8205.6,1783561818.18,51.26,51.68,50.98,51.3,86154854.55,1964.91,1977.38,1948.63,1965.88,3324945.45,138.31,139.03,137.13,138.1,22003631.82
2019-08-01,7922.24,7972.11,7847.3,7910.93,2095025909.09,51.32,51.9,50.71,51.24,123833018.18,1799.37,1810.57,1778.23,1793.6,3625963.64,136.5,137.61,134.9,136.38,26567363.64
2019-09-01,8093.1,8126.59,8042.16,8087.7,2073132500.0,54.43,54.87,53.98,54.5,108513420.0,1801.72,1812.32,1784.69,1799.12,3058645.0,138.36,139.09,136.99,138.12,23627240.0
2019-10-01,8077.65,8116.24,8037.46,8079.28,1912015652.17,58.73,59.24,58.24,58.82,105791773.91,1749.14,1763.67,1736.6,1752.33,3059152.17,139.53,140.39,138.29,139.23,23892321.74
2019-11-01,8506.51,8533.81,8482.19,8517.58,2079099500.0,65.42,65.87,65.06,65.63,89666300.0,1775.34,1784.22,1764.3,1774.29,2603810.0,147.85,148.55,147.16,148.1,19618590.0
2019-12-01,8772.97,8802.05,8746.52,8778.59,2187660952.38,68.85,69.47,68.47,69.13,113752133.33,1786.19,1797.11,1773.85,1785.77,3245219.05,153.98,154.77,153.16,154.18,21443014.29
2020-01-01,9225.23,9271.21,9181.68,9233.36,2497921428.57,77.79,78.58,77.21,77.98,139731923.81,1886.06,1898.0,1870.35,1884.24,4033252.38,163.97,164.98,162.69,164.0,26596666.67
2020-02-01,9419.15,9498.84,9349.11,9418.85,2822839473.68,77.58,78.81,76.68,77.82,158909431.58,2065.85,2094.27,2045.06,2066.18,4868952.63,178.57,181.36,175.85,178.72,46711700.0
2020-03-01,7748.4,7950.42,7564.53,7772.21,4403365454.55,65.27,67.42,63.71,65.61,285457836.36,1863.15,1910.39,1825.16,1872.31,7445868.18,151.99,157.55,147.6,152.55,73304340.91
2020-04-01,8282.74,8375.7,8189.58,8292.41,3747482857.14,67.95,68.95,67.02,68.1,155490438.1,2216.11,2256.84,2185.93,2228.71,5933800.0,169.21,171.33,166.37,169.04,46890714.29
2020-05-01,9092.62,9182.12,9013.62,9105.66,4031714500.0,77.22,78.31,76.6,77.5,140296800.0,2391.14,2418.9,2364.49,2394.18,4129220.0,182.27,184.4,180.27,182.34,34442250.0
2020-06-01,9828.11,9919.78,9730.84,9839.97,5066148636.36,86.14,87.34,85.16,86.45,147426163.64,2608.35,2641.9,2579.1,2613.55,3991740.91,191.96,194.67,189.87,192.7,34771154.55
2020-07-01,10491.73,10575.21,10386.01,10499.86,4287325909.09,95.42,96.59,94.27,95.57,137285600.0,3053.88,3107.9,2991.49,3053.85,5795545.45,207.12,209.36,204.26,207.08,35008672.73
2020-08-01,11188.41,11261.04,11126.83,11212.29,3733725238.1,116.97,118.57,115.56,117.3,193812433.33,3241.43,3284.94,3207.5,3249.25,3976980.95,213.76,216.28,211.76,214.35,32972566.67
2020-09-01,11119.77,11223.95,10955.58,11088.68,3907592857.14,116.08,118.04,112.58,115.13,185011671.43,3180.54,3221.15,3109.8,3160.75,5519014.29,209.53,212.47,205.7,208.81,36579823.81
2020-10-01,11455.09,11543.08,11353.15,11435.23,3537596363.64,116.69,118.27,114.91,116.41,131575750.0,3241.36,3283.25,3185.98,3230.6,5283004.55,213.05,215.41,210.68,212.89,28709909.09
2020-11-01,11786.2,11866.58,11692.18,11794.46,4529930500.0,116.75,118.2,115.41,116.83,106153865.0,3147.33,3179.72,3102.22,3141.81,4540525.0,214.21,216.46,211.85,214.14,28672150.0
2020-12-01,12605.31,12664.63,12535.07,12619.05,5077595000.0,127.15,128.61,125.73,127.29,105554072.73,3199.93,3226.71,3166.3,3197.75,3525281.82,217.61,219.53,216.01,217.96,27034622.73
2021-01-01,13195.81,13283.7,13085.16,13186.61,7267166315.79,133.1,135.07,130.98,133.04,117908526.32,3206.54,3241.23,3171.65,3200.05,3764678.95,221.94,224.57,219.52,221.98,34109284.21
2021-02-01,13733.61,13824.83,13604.04,13737.4,7378841052.63,132.02,133.07,129.93,131.53,96518715.79,3267.66,3302.05,3227.94,3263.87,3795105.26,239.62,241.97,237.45,240.07,25840115.79
2021-03-01,13190.96,13302.22,13034.08,13168.81,5795578260.87,122.09,123.47,120.4,121.87,115235573.91,3074.58,3108.16,3033.28,3068.27,3399478.26,233.83,236.29,231.51,233.67,31519382.61
2021-04-01,13889.21,13963.88,13818.27,13900.44,4335741428.57,131.67,132.91,130.47,131.81,89993214.29,3347.73,3383.69,3320.01,3352.17,3659028.57,254.7,256.99,253.23,255.58,27079123.81
2021-05-01,13529.39,13617.02,13429.07,13520.23,4447887500.0,127.04,128.16,125.82,126.78,85596745.0,3261.31,3285.7,3221.33,3246.26,3759195.0,247.69,249.48,245.74,247.4,24754245.0
